Datetime,Water Level (m)
2025-08-08 18:00:00,0.6612747
2025-08-08 19:00:00,0.88318545
2025-08-08 20:00:00,0.9725795
2025-08-08 21:00:00,0.89222
2025-08-08 22:00:00,0.6512226
2025-08-08 23:00:00,0.42357808
2025-08-09 00:00:00,0.2449125
2025-08-09 01:00:00,0.09550485
2025-08-09 02:00:00,-0.03836103
2025-08-09 03:00:00,-0.13346618
2025-08-09 04:00:00,0.027686302
2025-08-09 05:00:00,0.43702722
2025-08-09 06:00:00,0.8197394
2025-08-09 07:00:00,1.1041019
2025-08-09 08:00:00,1.28342
2025-08-09 09:00:00,1.2946893
2025-08-09 10:00:00,1.0634181
2025-08-09 11:00:00,0.7828587
2025-08-09 12:00:00,0.5683902
2025-08-09 13:00:00,0.39036846
2025-08-09 14:00:00,0.23408523
2025-08-09 15:00:00,0.09314651
2025-08-09 16:00:00,0.01565221
2025-08-09 17:00:00,0.3114962
2025-08-09 18:00:00,0.69102263
2025-08-09 19:00:00,0.99279684
2025-08-09 20:00:00,1.1667179
2025-08-09 21:00:00,1.1799514
2025-08-09 22:00:00,0.9761335
2025-08-09 23:00:00,0.7015044
2025-08-10 00:00:00,0.4885186
2025-08-10 01:00:00,0.3139927
2025-08-10 02:00:00,0.1620603
2025-08-10 03:00:00,0.027275179
2025-08-10 04:00:00,-0.041277386
2025-08-10 05:00:00,0.285287
2025-08-10 06:00:00,0.7118315
2025-08-10 07:00:00,1.0906022
2025-08-10 08:00:00,1.3558232
2025-08-10 09:00:00,1.4664376
2025-08-10 10:00:00,1.3542724
2025-08-10 11:00:00,1.0518799
2025-08-10 12:00:00,0.79039496
2025-08-10 13:00:00,0.59167224
2025-08-10 14:00:00,0.4183298
2025-08-10 15:00:00,0.2614192
2025-08-10 16:00:00,0.1272506
2025-08-10 17:00:00,0.15654318
2025-08-10 18:00:00,0.58537066
2025-08-10 19:00:00,0.9638018
2025-08-10 20:00:00,1.2294352
2025-08-10 21:00:00,1.3543576
2025-08-10 22:00:00,1.2775768
2025-08-10 23:00:00,0.99745965
2025-08-11 00:00:00,0.7361793
2025-08-11 01:00:00,0.5383862
2025-08-11 02:00:00,0.36767283
2025-08-11 03:00:00,0.2143922
2025-08-11 04:00:00,0.080870315
2025-08-11 05:00:00,0.09341224
2025-08-11 06:00:00,0.5375322
2025-08-11 07:00:00,0.97077924
2025-08-11 08:00:00,1.3119624
2025-08-11 09:00:00,1.5180867
2025-08-11 10:00:00,1.5324402
2025-08-11 11:00:00,1.281708
2025-08-11 12:00:00,0.9850933
2025-08-11 13:00:00,0.75852877
2025-08-11 14:00:00,0.5755284
2025-08-11 15:00:00,0.40627742
2025-08-11 16:00:00,0.25446582
2025-08-11 17:00:00,0.1393235
2025-08-11 18:00:00,0.3235286
2025-08-11 19:00:00,0.76937944
2025-08-11 20:00:00,1.143989
2025-08-11 21:00:00,1.3852423
2025-08-11 22:00:00,1.4530175
2025-08-11 23:00:00,1.2718257
2025-08-12 00:00:00,0.9687947
2025-08-12 01:00:00,0.73256856
2025-08-12 02:00:00,0.54630774
2025-08-12 03:00:00,0.37998182
2025-08-12 04:00:00,0.23194224
2025-08-12 05:00:00,0.12060497
2025-08-12 06:00:00,0.2992295
2025-08-12 07:00:00,0.7620369
2025-08-12 08:00:00,1.1720123
2025-08-12 09:00:00,1.4638658
2025-08-12 10:00:00,1.6019568
2025-08-12 11:00:00,1.4972024
2025-08-12 12:00:00,1.184122
2025-08-12 13:00:00,0.91912687
2025-08-12 14:00:00,0.7171579
2025-08-12 15:00:00,0.5374341
2025-08-12 16:00:00,0.37282246
2025-08-12 17:00:00,0.22664963
2025-08-12 18:00:00,0.17713849
2025-08-12 19:00:00,0.5802651
2025-08-12 20:00:00,0.99590594
2025-08-12 21:00:00,1.3171874
2025-08-12 22:00:00,1.4919584
2025-08-12 23:00:00,1.4622617
2025-08-13 00:00:00,1.1995903
2025-08-13 01:00:00,0.9267934
2025-08-13 02:00:00,0.72175515
2025-08-13 03:00:00,0.54947615
2025-08-13 04:00:00,0.391684
2025-08-13 05:00:00,0.25404623
2025-08-13 06:00:00,0.19515412
2025-08-13 07:00:00,0.56481344
2025-08-13 08:00:00,1.0024639
2025-08-13 09:00:00,1.3565543
2025-08-13 10:00:00,1.577913
2025-08-13 11:00:00,1.6053866
2025-08-13 12:00:00,1.3781588
2025-08-13 13:00:00,1.0787784
2025-08-13 14:00:00,0.85240155
2025-08-13 15:00:00,0.6688103
2025-08-13 16:00:00,0.49613723
2025-08-13 17:00:00,0.3401373
2025-08-13 18:00:00,0.21611488
2025-08-13 19:00:00,0.31458983
2025-08-13 20:00:00,0.7638427
2025-08-13 21:00:00,1.1488734
2025-08-13 22:00:00,1.4133196
2025-08-13 23:00:00,1.524865
2025-08-14 00:00:00,1.4157519
2025-08-14 01:00:00,1.1278883
2025-08-14 02:00:00,0.8858166
2025-08-14 03:00:00,0.7016727
2025-08-14 04:00:00,0.53796834
2025-08-14 05:00:00,0.38864577
2025-08-14 06:00:00,0.27069855
2025-08-14 07:00:00,0.31600374
2025-08-14 08:00:00,0.7671302
2025-08-14 09:00:00,1.1714997
2025-08-14 10:00:00,1.4556128
2025-08-14 11:00:00,1.5904694
2025-08-14 12:00:00,1.5076013
2025-08-14 13:00:00,1.2261512
2025-08-14 14:00:00,0.97327816
2025-08-14 15:00:00,0.77865577
2025-08-14 16:00:00,0.60866064
2025-08-14 17:00:00,0.44778863
2025-08-14 18:00:00,0.3107727
